image_path,label,dataset,image_id
C:\Users\Manas\OneDrive\Documents\Dissertation\data\Shenzhen\images\CHNCXR_0185_0.png,0,Shenzhen,CHNCXR_0185_0
C:\Users\Manas\OneDrive\Documents\Dissertation\data\Shenzhen\images\CHNCXR_0243_0.png,0,Shenzhen,CHNCXR_0243_0
C:\Users\Manas\OneDrive\Documents\Dissertation\data\Shenzhen\images\CHNCXR_0627_1.png,1,Shenzhen,CHNCXR_0627_1
C:\Users\Manas\OneDrive\Documents\Dissertation\data\Shenzhen\images\CHNCXR_0393_1.png,1,Shenzhen,CHNCXR_0393_1
C:\Users\Manas\OneDrive\Documents\Dissertation\data\Shenzhen\images\CHNCXR_0225_0.png,0,Shenzhen,CHNCXR_0225_0
C:\Users\Manas\OneDrive\Documents\Dissertation\data\Shenzhen\images\CHNCXR_0508_1.png,1,Shenzhen,CHNCXR_0508_1
C:\Users\Manas\OneDrive\Documents\Dissertation\data\Montgomery\images\MCUCXR_0313_1.png,1,Montgomery,MCUCXR_0313_1
C:\Users\Manas\OneDrive\Documents\Dissertation\data\Shenzhen\images\CHNCXR_0460_1.png,1,Shenzhen,CHNCXR_0460_1
C:\Users\Manas\OneDrive\Documents\Dissertation\data\Shenzhen\images\CHNCXR_0039_0.png,0,Shenzhen,CHNCXR_0039_0
C:\Users\Manas\OneDrive\Documents\Dissertation\data\Montgomery\images\MCUCXR_0021_0.png,0,Montgomery,MCUCXR_0021_0
C:\Users\Manas\OneDrive\Documents\Dissertation\data\Shenzhen\images\CHNCXR_0535_1.png,1,Shenzhen,CHNCXR_0535_1
C:\Users\Manas\OneDrive\Documents\Dissertation\data\Shenzhen\images\CHNCXR_0445_1.png,1,Shenzhen,CHNCXR_0445_1
C:\Users\Manas\OneDrive\Documents\Dissertation\data\Montgomery\images\MCUCXR_0375_1.png,1,Montgomery,MCUCXR_0375_1
C:\Users\Manas\OneDrive\Documents\Dissertation\data\Shenzhen\images\CHNCXR_0570_1.png,1,Shenzhen,CHNCXR_0570_1
C:\Users\Manas\OneDrive\Documents\Dissertation\data\Shenzhen\images\CHNCXR_0635_1.png,1,Shenzhen,CHNCXR_0635_1
C:\Users\Manas\OneDrive\Documents\Dissertation\data\Shenzhen\images\CHNCXR_0492_1.png,1,Shenzhen,CHNCXR_0492_1
C:\Users\Manas\OneDrive\Documents\Dissertation\data\Shenzhen\images\CHNCXR_0256_0.png,0,Shenzhen,CHNCXR_0256_0
C:\Users\Manas\OneDrive\Documents\Dissertation\data\Shenzhen\images\CHNCXR_0127_0.png,0,Shenzhen,CHNCXR_0127_0
C:\Users\Manas\OneDrive\Documents\Dissertation\data\Shenzhen\images\CHNCXR_0649_1.png,1,Shenzhen,CHNCXR_0649_1
C:\Users\Manas\OneDrive\Documents\Dissertation\data\Shenzhen\images\CHNCXR_0046_0.png,0,Shenzhen,CHNCXR_0046_0
C:\Users\Manas\OneDrive\Documents\Dissertation\data\Shenzhen\images\CHNCXR_0230_0.png,0,Shenzhen,CHNCXR_0230_0
C:\Users\Manas\OneDrive\Documents\Dissertation\data\Montgomery\images\MCUCXR_0019_0.png,0,Montgomery,MCUCXR_0019_0
C:\Users\Manas\OneDrive\Documents\Dissertation\data\Shenzhen\images\CHNCXR_0291_0.png,0,Shenzhen,CHNCXR_0291_0
C:\Users\Manas\OneDrive\Documents\Dissertation\data\Shenzhen\images\CHNCXR_0084_0.png,0,Shenzhen,CHNCXR_0084_0
C:\Users\Manas\OneDrive\Documents\Dissertation\data\Shenzhen\images\CHNCXR_0599_1.png,1,Shenzhen,CHNCXR_0599_1
C:\Users\Manas\OneDrive\Documents\Dissertation\data\Shenzhen\images\CHNCXR_0023_0.png,0,Shenzhen,CHNCXR_0023_0
C:\Users\Manas\OneDrive\Documents\Dissertation\data\Montgomery\images\MCUCXR_0071_0.png,0,Montgomery,MCUCXR_0071_0
C:\Users\Manas\OneDrive\Documents\Dissertation\data\Shenzhen\images\CHNCXR_0220_0.png,0,Shenzhen,CHNCXR_0220_0
C:\Users\Manas\OneDrive\Documents\Dissertation\data\Shenzhen\images\CHNCXR_0459_1.png,1,Shenzhen,CHNCXR_0459_1
C:\Users\Manas\OneDrive\Documents\Dissertation\data\Shenzhen\images\CHNCXR_0657_1.png,1,Shenzhen,CHNCXR_0657_1
C:\Users\Manas\OneDrive\Documents\Dissertation\data\Shenzhen\images\CHNCXR_0451_1.png,1,Shenzhen,CHNCXR_0451_1
C:\Users\Manas\OneDrive\Documents\Dissertation\data\Montgomery\images\MCUCXR_0254_1.png,1,Montgomery,MCUCXR_0254_1
C:\Users\Manas\OneDrive\Documents\Dissertation\data\Shenzhen\images\CHNCXR_0389_1.png,1,Shenzhen,CHNCXR_0389_1
C:\Users\Manas\OneDrive\Documents\Dissertation\data\Shenzhen\images\CHNCXR_0417_1.png,1,Shenzhen,CHNCXR_0417_1
C:\Users\Manas\OneDrive\Documents\Dissertation\data\Shenzhen\images\CHNCXR_0532_1.png,1,Shenzhen,CHNCXR_0532_1
C:\Users\Manas\OneDrive\Documents\Dissertation\data\Shenzhen\images\CHNCXR_0378_1.png,1,Shenzhen,CHNCXR_0378_1
C:\Users\Manas\OneDrive\Documents\Dissertation\data\Shenzhen\images\CHNCXR_0001_0.png,0,Shenzhen,CHNCXR_0001_0
C:\Users\Manas\OneDrive\Documents\Dissertation\data\Shenzhen\images\CHNCXR_0298_0.png,0,Shenzhen,CHNCXR_0298_0
C:\Users\Manas\OneDrive\Documents\Dissertation\data\Shenzhen\images\CHNCXR_0233_0.png,0,Shenzhen,CHNCXR_0233_0
C:\Users\Manas\OneDrive\Documents\Dissertation\data\Shenzhen\images\CHNCXR_0276_0.png,0,Shenzhen,CHNCXR_0276_0
C:\Users\Manas\OneDrive\Documents\Dissertation\data\Montgomery\images\MCUCXR_0070_0.png,0,Montgomery,MCUCXR_0070_0
C:\Users\Manas\OneDrive\Documents\Dissertation\data\Montgomery\images\MCUCXR_0173_1.png,1,Montgomery,MCUCXR_0173_1
C:\Users\Manas\OneDrive\Documents\Dissertation\data\Shenzhen\images\CHNCXR_0171_0.png,0,Shenzhen,CHNCXR_0171_0
C:\Users\Manas\OneDrive\Documents\Dissertation\data\Montgomery\images\MCUCXR_0369_1.png,1,Montgomery,MCUCXR_0369_1
C:\Users\Manas\OneDrive\Documents\Dissertation\data\Shenzhen\images\CHNCXR_0550_1.png,1,Shenzhen,CHNCXR_0550_1
C:\Users\Manas\OneDrive\Documents\Dissertation\data\Shenzhen\images\CHNCXR_0351_1.png,1,Shenzhen,CHNCXR_0351_1
C:\Users\Manas\OneDrive\Documents\Dissertation\data\Shenzhen\images\CHNCXR_0275_0.png,0,Shenzhen,CHNCXR_0275_0
C:\Users\Manas\OneDrive\Documents\Dissertation\data\Shenzhen\images\CHNCXR_0211_0.png,0,Shenzhen,CHNCXR_0211_0
C:\Users\Manas\OneDrive\Documents\Dissertation\data\Shenzhen\images\CHNCXR_0154_0.png,0,Shenzhen,CHNCXR_0154_0
C:\Users\Manas\OneDrive\Documents\Dissertation\data\Shenzhen\images\CHNCXR_0086_0.png,0,Shenzhen,CHNCXR_0086_0
C:\Users\Manas\OneDrive\Documents\Dissertation\data\Shenzhen\images\CHNCXR_0485_1.png,1,Shenzhen,CHNCXR_0485_1
C:\Users\Manas\OneDrive\Documents\Dissertation\data\Montgomery\images\MCUCXR_0309_1.png,1,Montgomery,MCUCXR_0309_1
C:\Users\Manas\OneDrive\Documents\Dissertation\data\Shenzhen\images\CHNCXR_0124_0.png,0,Shenzhen,CHNCXR_0124_0
C:\Users\Manas\OneDrive\Documents\Dissertation\data\Shenzhen\images\CHNCXR_0641_1.png,1,Shenzhen,CHNCXR_0641_1
C:\Users\Manas\OneDrive\Documents\Dissertation\data\Montgomery\images\MCUCXR_0393_1.png,1,Montgomery,MCUCXR_0393_1
C:\Users\Manas\OneDrive\Documents\Dissertation\data\Montgomery\images\MCUCXR_0095_0.png,0,Montgomery,MCUCXR_0095_0
C:\Users\Manas\OneDrive\Documents\Dissertation\data\Shenzhen\images\CHNCXR_0141_0.png,0,Shenzhen,CHNCXR_0141_0
C:\Users\Manas\OneDrive\Documents\Dissertation\data\Shenzhen\images\CHNCXR_0400_1.png,1,Shenzhen,CHNCXR_0400_1
C:\Users\Manas\OneDrive\Documents\Dissertation\data\Shenzhen\images\CHNCXR_0228_0.png,0,Shenzhen,CHNCXR_0228_0
C:\Users\Manas\OneDrive\Documents\Dissertation\data\Shenzhen\images\CHNCXR_0469_1.png,1,Shenzhen,CHNCXR_0469_1
C:\Users\Manas\OneDrive\Documents\Dissertation\data\Shenzhen\images\CHNCXR_0183_0.png,0,Shenzhen,CHNCXR_0183_0
C:\Users\Manas\OneDrive\Documents\Dissertation\data\Shenzhen\images\CHNCXR_0126_0.png,0,Shenzhen,CHNCXR_0126_0
C:\Users\Manas\OneDrive\Documents\Dissertation\data\Montgomery\images\MCUCXR_0266_1.png,1,Montgomery,MCUCXR_0266_1
C:\Users\Manas\OneDrive\Documents\Dissertation\data\Shenzhen\images\CHNCXR_0056_0.png,0,Shenzhen,CHNCXR_0056_0
C:\Users\Manas\OneDrive\Documents\Dissertation\data\Montgomery\images\MCUCXR_0126_1.png,1,Montgomery,MCUCXR_0126_1
C:\Users\Manas\OneDrive\Documents\Dissertation\data\Shenzhen\images\CHNCXR_0438_1.png,1,Shenzhen,CHNCXR_0438_1
C:\Users\Manas\OneDrive\Documents\Dissertation\data\Shenzhen\images\CHNCXR_0102_0.png,0,Shenzhen,CHNCXR_0102_0
C:\Users\Manas\OneDrive\Documents\Dissertation\data\Shenzhen\images\CHNCXR_0144_0.png,0,Shenzhen,CHNCXR_0144_0
C:\Users\Manas\OneDrive\Documents\Dissertation\data\Shenzhen\images\CHNCXR_0658_1.png,1,Shenzhen,CHNCXR_0658_1
C:\Users\Manas\OneDrive\Documents\Dissertation\data\Shenzhen\images\CHNCXR_0288_0.png,0,Shenzhen,CHNCXR_0288_0
C:\Users\Manas\OneDrive\Documents\Dissertation\data\Shenzhen\images\CHNCXR_0390_1.png,1,Shenzhen,CHNCXR_0390_1
C:\Users\Manas\OneDrive\Documents\Dissertation\data\Shenzhen\images\CHNCXR_0545_1.png,1,Shenzhen,CHNCXR_0545_1
C:\Users\Manas\OneDrive\Documents\Dissertation\data\Montgomery\images\MCUCXR_0316_1.png,1,Montgomery,MCUCXR_0316_1
C:\Users\Manas\OneDrive\Documents\Dissertation\data\Shenzhen\images\CHNCXR_0151_0.png,0,Shenzhen,CHNCXR_0151_0
C:\Users\Manas\OneDrive\Documents\Dissertation\data\Shenzhen\images\CHNCXR_0085_0.png,0,Shenzhen,CHNCXR_0085_0
C:\Users\Manas\OneDrive\Documents\Dissertation\data\Shenzhen\images\CHNCXR_0323_0.png,0,Shenzhen,CHNCXR_0323_0
C:\Users\Manas\OneDrive\Documents\Dissertation\data\Shenzhen\images\CHNCXR_0466_1.png,1,Shenzhen,CHNCXR_0466_1
C:\Users\Manas\OneDrive\Documents\Dissertation\data\Shenzhen\images\CHNCXR_0626_1.png,1,Shenzhen,CHNCXR_0626_1
C:\Users\Manas\OneDrive\Documents\Dissertation\data\Shenzhen\images\CHNCXR_0646_1.png,1,Shenzhen,CHNCXR_0646_1
C:\Users\Manas\OneDrive\Documents\Dissertation\data\Shenzhen\images\CHNCXR_0287_0.png,0,Shenzhen,CHNCXR_0287_0
C:\Users\Manas\OneDrive\Documents\Dissertation\data\Shenzhen\images\CHNCXR_0299_0.png,0,Shenzhen,CHNCXR_0299_0
C:\Users\Manas\OneDrive\Documents\Dissertation\data\Shenzhen\images\CHNCXR_0528_1.png,1,Shenzhen,CHNCXR_0528_1
C:\Users\Manas\OneDrive\Documents\Dissertation\data\Shenzhen\images\CHNCXR_0145_0.png,0,Shenzhen,CHNCXR_0145_0
C:\Users\Manas\OneDrive\Documents\Dissertation\data\Shenzhen\images\CHNCXR_0382_1.png,1,Shenzhen,CHNCXR_0382_1
C:\Users\Manas\OneDrive\Documents\Dissertation\data\Shenzhen\images\CHNCXR_0312_0.png,0,Shenzhen,CHNCXR_0312_0
C:\Users\Manas\OneDrive\Documents\Dissertation\data\Shenzhen\images\CHNCXR_0457_1.png,1,Shenzhen,CHNCXR_0457_1
C:\Users\Manas\OneDrive\Documents\Dissertation\data\Shenzhen\images\CHNCXR_0203_0.png,0,Shenzhen,CHNCXR_0203_0
C:\Users\Manas\OneDrive\Documents\Dissertation\data\Shenzhen\images\CHNCXR_0073_0.png,0,Shenzhen,CHNCXR_0073_0
C:\Users\Manas\OneDrive\Documents\Dissertation\data\Shenzhen\images\CHNCXR_0386_1.png,1,Shenzhen,CHNCXR_0386_1
C:\Users\Manas\OneDrive\Documents\Dissertation\data\Shenzhen\images\CHNCXR_0571_1.png,1,Shenzhen,CHNCXR_0571_1
C:\Users\Manas\OneDrive\Documents\Dissertation\data\Montgomery\images\MCUCXR_0099_0.png,0,Montgomery,MCUCXR_0099_0
C:\Users\Manas\OneDrive\Documents\Dissertation\data\Montgomery\images\MCUCXR_0194_1.png,1,Montgomery,MCUCXR_0194_1
C:\Users\Manas\OneDrive\Documents\Dissertation\data\Shenzhen\images\CHNCXR_0332_1.png,1,Shenzhen,CHNCXR_0332_1
C:\Users\Manas\OneDrive\Documents\Dissertation\data\Shenzhen\images\CHNCXR_0193_0.png,0,Shenzhen,CHNCXR_0193_0
C:\Users\Manas\OneDrive\Documents\Dissertation\data\Shenzhen\images\CHNCXR_0547_1.png,1,Shenzhen,CHNCXR_0547_1
C:\Users\Manas\OneDrive\Documents\Dissertation\data\Shenzhen\images\CHNCXR_0042_0.png,0,Shenzhen,CHNCXR_0042_0
C:\Users\Manas\OneDrive\Documents\Dissertation\data\Shenzhen\images\CHNCXR_0521_1.png,1,Shenzhen,CHNCXR_0521_1
C:\Users\Manas\OneDrive\Documents\Dissertation\data\Montgomery\images\MCUCXR_0188_1.png,1,Montgomery,MCUCXR_0188_1
C:\Users\Manas\OneDrive\Documents\Dissertation\data\Shenzhen\images\CHNCXR_0130_0.png,0,Shenzhen,CHNCXR_0130_0
C:\Users\Manas\OneDrive\Documents\Dissertation\data\Shenzhen\images\CHNCXR_0364_1.png,1,Shenzhen,CHNCXR_0364_1
C:\Users\Manas\OneDrive\Documents\Dissertation\data\Montgomery\images\MCUCXR_0022_0.png,0,Montgomery,MCUCXR_0022_0
C:\Users\Manas\OneDrive\Documents\Dissertation\data\Shenzhen\images\CHNCXR_0040_0.png,0,Shenzhen,CHNCXR_0040_0
C:\Users\Manas\OneDrive\Documents\Dissertation\data\Shenzhen\images\CHNCXR_0200_0.png,0,Shenzhen,CHNCXR_0200_0
C:\Users\Manas\OneDrive\Documents\Dissertation\data\Shenzhen\images\CHNCXR_0379_1.png,1,Shenzhen,CHNCXR_0379_1
C:\Users\Manas\OneDrive\Documents\Dissertation\data\Shenzhen\images\CHNCXR_0629_1.png,1,Shenzhen,CHNCXR_0629_1
C:\Users\Manas\OneDrive\Documents\Dissertation\data\Shenzhen\images\CHNCXR_0235_0.png,0,Shenzhen,CHNCXR_0235_0
C:\Users\Manas\OneDrive\Documents\Dissertation\data\Montgomery\images\MCUCXR_0038_0.png,0,Montgomery,MCUCXR_0038_0
C:\Users\Manas\OneDrive\Documents\Dissertation\data\Shenzhen\images\CHNCXR_0251_0.png,0,Shenzhen,CHNCXR_0251_0
C:\Users\Manas\OneDrive\Documents\Dissertation\data\Shenzhen\images\CHNCXR_0115_0.png,0,Shenzhen,CHNCXR_0115_0
C:\Users\Manas\OneDrive\Documents\Dissertation\data\Shenzhen\images\CHNCXR_0551_1.png,1,Shenzhen,CHNCXR_0551_1
C:\Users\Manas\OneDrive\Documents\Dissertation\data\Shenzhen\images\CHNCXR_0182_0.png,0,Shenzhen,CHNCXR_0182_0
C:\Users\Manas\OneDrive\Documents\Dissertation\data\Shenzhen\images\CHNCXR_0246_0.png,0,Shenzhen,CHNCXR_0246_0
C:\Users\Manas\OneDrive\Documents\Dissertation\data\Shenzhen\images\CHNCXR_0447_1.png,1,Shenzhen,CHNCXR_0447_1
C:\Users\Manas\OneDrive\Documents\Dissertation\data\Shenzhen\images\CHNCXR_0121_0.png,0,Shenzhen,CHNCXR_0121_0
C:\Users\Manas\OneDrive\Documents\Dissertation\data\Shenzhen\images\CHNCXR_0057_0.png,0,Shenzhen,CHNCXR_0057_0
C:\Users\Manas\OneDrive\Documents\Dissertation\data\Shenzhen\images\CHNCXR_0430_1.png,1,Shenzhen,CHNCXR_0430_1
C:\Users\Manas\OneDrive\Documents\Dissertation\data\Shenzhen\images\CHNCXR_0358_1.png,1,Shenzhen,CHNCXR_0358_1
C:\Users\Manas\OneDrive\Documents\Dissertation\data\Shenzhen\images\CHNCXR_0079_0.png,0,Shenzhen,CHNCXR_0079_0
C:\Users\Manas\OneDrive\Documents\Dissertation\data\Shenzhen\images\CHNCXR_0335_1.png,1,Shenzhen,CHNCXR_0335_1
C:\Users\Manas\OneDrive\Documents\Dissertation\data\Shenzhen\images\CHNCXR_0245_0.png,0,Shenzhen,CHNCXR_0245_0
C:\Users\Manas\OneDrive\Documents\Dissertation\data\Shenzhen\images\CHNCXR_0176_0.png,0,Shenzhen,CHNCXR_0176_0
C:\Users\Manas\OneDrive\Documents\Dissertation\data\Montgomery\images\MCUCXR_0097_0.png,0,Montgomery,MCUCXR_0097_0
C:\Users\Manas\OneDrive\Documents\Dissertation\data\Shenzhen\images\CHNCXR_0029_0.png,0,Shenzhen,CHNCXR_0029_0
C:\Users\Manas\OneDrive\Documents\Dissertation\data\Shenzhen\images\CHNCXR_0617_1.png,1,Shenzhen,CHNCXR_0617_1
C:\Users\Manas\OneDrive\Documents\Dissertation\data\Shenzhen\images\CHNCXR_0625_1.png,1,Shenzhen,CHNCXR_0625_1
C:\Users\Manas\OneDrive\Documents\Dissertation\data\Shenzhen\images\CHNCXR_0464_1.png,1,Shenzhen,CHNCXR_0464_1
C:\Users\Manas\OneDrive\Documents\Dissertation\data\Shenzhen\images\CHNCXR_0586_1.png,1,Shenzhen,CHNCXR_0586_1
C:\Users\Manas\OneDrive\Documents\Dissertation\data\Montgomery\images\MCUCXR_0081_0.png,0,Montgomery,MCUCXR_0081_0
C:\Users\Manas\OneDrive\Documents\Dissertation\data\Shenzhen\images\CHNCXR_0219_0.png,0,Shenzhen,CHNCXR_0219_0
C:\Users\Manas\OneDrive\Documents\Dissertation\data\Montgomery\images\MCUCXR_0044_0.png,0,Montgomery,MCUCXR_0044_0
C:\Users\Manas\OneDrive\Documents\Dissertation\data\Shenzhen\images\CHNCXR_0223_0.png,0,Shenzhen,CHNCXR_0223_0
C:\Users\Manas\OneDrive\Documents\Dissertation\data\Shenzhen\images\CHNCXR_0340_1.png,1,Shenzhen,CHNCXR_0340_1
C:\Users\Manas\OneDrive\Documents\Dissertation\data\Shenzhen\images\CHNCXR_0591_1.png,1,Shenzhen,CHNCXR_0591_1
C:\Users\Manas\OneDrive\Documents\Dissertation\data\Shenzhen\images\CHNCXR_0487_1.png,1,Shenzhen,CHNCXR_0487_1
C:\Users\Manas\OneDrive\Documents\Dissertation\data\Shenzhen\images\CHNCXR_0019_0.png,0,Shenzhen,CHNCXR_0019_0
C:\Users\Manas\OneDrive\Documents\Dissertation\data\Shenzhen\images\CHNCXR_0409_1.png,1,Shenzhen,CHNCXR_0409_1
C:\Users\Manas\OneDrive\Documents\Dissertation\data\Shenzhen\images\CHNCXR_0181_0.png,0,Shenzhen,CHNCXR_0181_0
C:\Users\Manas\OneDrive\Documents\Dissertation\data\Shenzhen\images\CHNCXR_0585_1.png,1,Shenzhen,CHNCXR_0585_1
C:\Users\Manas\OneDrive\Documents\Dissertation\data\Shenzhen\images\CHNCXR_0498_1.png,1,Shenzhen,CHNCXR_0498_1
C:\Users\Manas\OneDrive\Documents\Dissertation\data\Shenzhen\images\CHNCXR_0608_1.png,1,Shenzhen,CHNCXR_0608_1
C:\Users\Manas\OneDrive\Documents\Dissertation\data\Shenzhen\images\CHNCXR_0080_0.png,0,Shenzhen,CHNCXR_0080_0
C:\Users\Manas\OneDrive\Documents\Dissertation\data\Shenzhen\images\CHNCXR_0209_0.png,0,Shenzhen,CHNCXR_0209_0
C:\Users\Manas\OneDrive\Documents\Dissertation\data\Shenzhen\images\CHNCXR_0024_0.png,0,Shenzhen,CHNCXR_0024_0
C:\Users\Manas\OneDrive\Documents\Dissertation\data\Shenzhen\images\CHNCXR_0282_0.png,0,Shenzhen,CHNCXR_0282_0
C:\Users\Manas\OneDrive\Documents\Dissertation\data\Montgomery\images\MCUCXR_0094_0.png,0,Montgomery,MCUCXR_0094_0
C:\Users\Manas\OneDrive\Documents\Dissertation\data\Montgomery\images\MCUCXR_0102_0.png,0,Montgomery,MCUCXR_0102_0
C:\Users\Manas\OneDrive\Documents\Dissertation\data\Shenzhen\images\CHNCXR_0474_1.png,1,Shenzhen,CHNCXR_0474_1
C:\Users\Manas\OneDrive\Documents\Dissertation\data\Montgomery\images\MCUCXR_0383_1.png,1,Montgomery,MCUCXR_0383_1
C:\Users\Manas\OneDrive\Documents\Dissertation\data\Shenzhen\images\CHNCXR_0468_1.png,1,Shenzhen,CHNCXR_0468_1
C:\Users\Manas\OneDrive\Documents\Dissertation\data\Shenzhen\images\CHNCXR_0013_0.png,0,Shenzhen,CHNCXR_0013_0
C:\Users\Manas\OneDrive\Documents\Dissertation\data\Shenzhen\images\CHNCXR_0180_0.png,0,Shenzhen,CHNCXR_0180_0
C:\Users\Manas\OneDrive\Documents\Dissertation\data\Shenzhen\images\CHNCXR_0047_0.png,0,Shenzhen,CHNCXR_0047_0
C:\Users\Manas\OneDrive\Documents\Dissertation\data\Montgomery\images\MCUCXR_0017_0.png,0,Montgomery,MCUCXR_0017_0
C:\Users\Manas\OneDrive\Documents\Dissertation\data\Shenzhen\images\CHNCXR_0380_1.png,1,Shenzhen,CHNCXR_0380_1
C:\Users\Manas\OneDrive\Documents\Dissertation\data\Montgomery\images\MCUCXR_0002_0.png,0,Montgomery,MCUCXR_0002_0
C:\Users\Manas\OneDrive\Documents\Dissertation\data\Montgomery\images\MCUCXR_0013_0.png,0,Montgomery,MCUCXR_0013_0
C:\Users\Manas\OneDrive\Documents\Dissertation\data\Shenzhen\images\CHNCXR_0542_1.png,1,Shenzhen,CHNCXR_0542_1
C:\Users\Manas\OneDrive\Documents\Dissertation\data\Shenzhen\images\CHNCXR_0516_1.png,1,Shenzhen,CHNCXR_0516_1
C:\Users\Manas\OneDrive\Documents\Dissertation\data\Shenzhen\images\CHNCXR_0263_0.png,0,Shenzhen,CHNCXR_0263_0
C:\Users\Manas\OneDrive\Documents\Dissertation\data\Shenzhen\images\CHNCXR_0090_0.png,0,Shenzhen,CHNCXR_0090_0
C:\Users\Manas\OneDrive\Documents\Dissertation\data\Shenzhen\images\CHNCXR_0148_0.png,0,Shenzhen,CHNCXR_0148_0
C:\Users\Manas\OneDrive\Documents\Dissertation\data\Shenzhen\images\CHNCXR_0119_0.png,0,Shenzhen,CHNCXR_0119_0
C:\Users\Manas\OneDrive\Documents\Dissertation\data\Shenzhen\images\CHNCXR_0159_0.png,0,Shenzhen,CHNCXR_0159_0
C:\Users\Manas\OneDrive\Documents\Dissertation\data\Shenzhen\images\CHNCXR_0205_0.png,0,Shenzhen,CHNCXR_0205_0
C:\Users\Manas\OneDrive\Documents\Dissertation\data\Montgomery\images\MCUCXR_0253_1.png,1,Montgomery,MCUCXR_0253_1
C:\Users\Manas\OneDrive\Documents\Dissertation\data\Montgomery\images\MCUCXR_0142_1.png,1,Montgomery,MCUCXR_0142_1
C:\Users\Manas\OneDrive\Documents\Dissertation\data\Shenzhen\images\CHNCXR_0410_1.png,1,Shenzhen,CHNCXR_0410_1
C:\Users\Manas\OneDrive\Documents\Dissertation\data\Montgomery\images\MCUCXR_0053_0.png,0,Montgomery,MCUCXR_0053_0
C:\Users\Manas\OneDrive\Documents\Dissertation\data\Shenzhen\images\CHNCXR_0076_0.png,0,Shenzhen,CHNCXR_0076_0
C:\Users\Manas\OneDrive\Documents\Dissertation\data\Montgomery\images\MCUCXR_0001_0.png,0,Montgomery,MCUCXR_0001_0
C:\Users\Manas\OneDrive\Documents\Dissertation\data\Shenzhen\images\CHNCXR_0613_1.png,1,Shenzhen,CHNCXR_0613_1
C:\Users\Manas\OneDrive\Documents\Dissertation\data\Shenzhen\images\CHNCXR_0554_1.png,1,Shenzhen,CHNCXR_0554_1
C:\Users\Manas\OneDrive\Documents\Dissertation\data\Montgomery\images\MCUCXR_0008_0.png,0,Montgomery,MCUCXR_0008_0
C:\Users\Manas\OneDrive\Documents\Dissertation\data\Shenzhen\images\CHNCXR_0394_1.png,1,Shenzhen,CHNCXR_0394_1
C:\Users\Manas\OneDrive\Documents\Dissertation\data\Shenzhen\images\CHNCXR_0517_1.png,1,Shenzhen,CHNCXR_0517_1
C:\Users\Manas\OneDrive\Documents\Dissertation\data\Shenzhen\images\CHNCXR_0168_0.png,0,Shenzhen,CHNCXR_0168_0
C:\Users\Manas\OneDrive\Documents\Dissertation\data\Shenzhen\images\CHNCXR_0398_1.png,1,Shenzhen,CHNCXR_0398_1
C:\Users\Manas\OneDrive\Documents\Dissertation\data\Shenzhen\images\CHNCXR_0592_1.png,1,Shenzhen,CHNCXR_0592_1
C:\Users\Manas\OneDrive\Documents\Dissertation\data\Shenzhen\images\CHNCXR_0302_0.png,0,Shenzhen,CHNCXR_0302_0
C:\Users\Manas\OneDrive\Documents\Dissertation\data\Shenzhen\images\CHNCXR_0475_1.png,1,Shenzhen,CHNCXR_0475_1
C:\Users\Manas\OneDrive\Documents\Dissertation\data\Shenzhen\images\CHNCXR_0429_1.png,1,Shenzhen,CHNCXR_0429_1
C:\Users\Manas\OneDrive\Documents\Dissertation\data\Montgomery\images\MCUCXR_0085_0.png,0,Montgomery,MCUCXR_0085_0
C:\Users\Manas\OneDrive\Documents\Dissertation\data\Shenzhen\images\CHNCXR_0232_0.png,0,Shenzhen,CHNCXR_0232_0
C:\Users\Manas\OneDrive\Documents\Dissertation\data\Shenzhen\images\CHNCXR_0010_0.png,0,Shenzhen,CHNCXR_0010_0
C:\Users\Manas\OneDrive\Documents\Dissertation\data\Shenzhen\images\CHNCXR_0501_1.png,1,Shenzhen,CHNCXR_0501_1
C:\Users\Manas\OneDrive\Documents\Dissertation\data\Shenzhen\images\CHNCXR_0297_0.png,0,Shenzhen,CHNCXR_0297_0
C:\Users\Manas\OneDrive\Documents\Dissertation\data\Shenzhen\images\CHNCXR_0016_0.png,0,Shenzhen,CHNCXR_0016_0
C:\Users\Manas\OneDrive\Documents\Dissertation\data\Shenzhen\images\CHNCXR_0556_1.png,1,Shenzhen,CHNCXR_0556_1
C:\Users\Manas\OneDrive\Documents\Dissertation\data\Shenzhen\images\CHNCXR_0179_0.png,0,Shenzhen,CHNCXR_0179_0
C:\Users\Manas\OneDrive\Documents\Dissertation\data\Shenzhen\images\CHNCXR_0439_1.png,1,Shenzhen,CHNCXR_0439_1
C:\Users\Manas\OneDrive\Documents\Dissertation\data\Shenzhen\images\CHNCXR_0104_0.png,0,Shenzhen,CHNCXR_0104_0
C:\Users\Manas\OneDrive\Documents\Dissertation\data\Shenzhen\images\CHNCXR_0095_0.png,0,Shenzhen,CHNCXR_0095_0
C:\Users\Manas\OneDrive\Documents\Dissertation\data\Shenzhen\images\CHNCXR_0488_1.png,1,Shenzhen,CHNCXR_0488_1
C:\Users\Manas\OneDrive\Documents\Dissertation\data\Shenzhen\images\CHNCXR_0454_1.png,1,Shenzhen,CHNCXR_0454_1
C:\Users\Manas\OneDrive\Documents\Dissertation\data\Montgomery\images\MCUCXR_0350_1.png,1,Montgomery,MCUCXR_0350_1
C:\Users\Manas\OneDrive\Documents\Dissertation\data\Shenzhen\images\CHNCXR_0566_1.png,1,Shenzhen,CHNCXR_0566_1
C:\Users\Manas\OneDrive\Documents\Dissertation\data\Shenzhen\images\CHNCXR_0241_0.png,0,Shenzhen,CHNCXR_0241_0
C:\Users\Manas\OneDrive\Documents\Dissertation\data\Shenzhen\images\CHNCXR_0337_1.png,1,Shenzhen,CHNCXR_0337_1
C:\Users\Manas\OneDrive\Documents\Dissertation\data\Shenzhen\images\CHNCXR_0226_0.png,0,Shenzhen,CHNCXR_0226_0
C:\Users\Manas\OneDrive\Documents\Dissertation\data\Shenzhen\images\CHNCXR_0578_1.png,1,Shenzhen,CHNCXR_0578_1
C:\Users\Manas\OneDrive\Documents\Dissertation\data\Montgomery\images\MCUCXR_0075_0.png,0,Montgomery,MCUCXR_0075_0
C:\Users\Manas\OneDrive\Documents\Dissertation\data\Shenzhen\images\CHNCXR_0284_0.png,0,Shenzhen,CHNCXR_0284_0
C:\Users\Manas\OneDrive\Documents\Dissertation\data\Montgomery\images\MCUCXR_0045_0.png,0,Montgomery,MCUCXR_0045_0
C:\Users\Manas\OneDrive\Documents\Dissertation\data\Shenzhen\images\CHNCXR_0524_1.png,1,Shenzhen,CHNCXR_0524_1
C:\Users\Manas\OneDrive\Documents\Dissertation\data\Shenzhen\images\CHNCXR_0348_1.png,1,Shenzhen,CHNCXR_0348_1
C:\Users\Manas\OneDrive\Documents\Dissertation\data\Montgomery\images\MCUCXR_0016_0.png,0,Montgomery,MCUCXR_0016_0
C:\Users\Manas\OneDrive\Documents\Dissertation\data\Shenzhen\images\CHNCXR_0600_1.png,1,Shenzhen,CHNCXR_0600_1
C:\Users\Manas\OneDrive\Documents\Dissertation\data\Shenzhen\images\CHNCXR_0114_0.png,0,Shenzhen,CHNCXR_0114_0
C:\Users\Manas\OneDrive\Documents\Dissertation\data\Montgomery\images\MCUCXR_0104_1.png,1,Montgomery,MCUCXR_0104_1
C:\Users\Manas\OneDrive\Documents\Dissertation\data\Montgomery\images\MCUCXR_0064_0.png,0,Montgomery,MCUCXR_0064_0
C:\Users\Manas\OneDrive\Documents\Dissertation\data\Montgomery\images\MCUCXR_0057_0.png,0,Montgomery,MCUCXR_0057_0
C:\Users\Manas\OneDrive\Documents\Dissertation\data\Shenzhen\images\CHNCXR_0174_0.png,0,Shenzhen,CHNCXR_0174_0
C:\Users\Manas\OneDrive\Documents\Dissertation\data\Shenzhen\images\CHNCXR_0315_0.png,0,Shenzhen,CHNCXR_0315_0
C:\Users\Manas\OneDrive\Documents\Dissertation\data\Shenzhen\images\CHNCXR_0011_0.png,0,Shenzhen,CHNCXR_0011_0
C:\Users\Manas\OneDrive\Documents\Dissertation\data\Shenzhen\images\CHNCXR_0128_0.png,0,Shenzhen,CHNCXR_0128_0
C:\Users\Manas\OneDrive\Documents\Dissertation\data\Montgomery\images\MCUCXR_0338_1.png,1,Montgomery,MCUCXR_0338_1
C:\Users\Manas\OneDrive\Documents\Dissertation\data\Shenzhen\images\CHNCXR_0321_0.png,0,Shenzhen,CHNCXR_0321_0
C:\Users\Manas\OneDrive\Documents\Dissertation\data\Shenzhen\images\CHNCXR_0407_1.png,1,Shenzhen,CHNCXR_0407_1
C:\Users\Manas\OneDrive\Documents\Dissertation\data\Montgomery\images\MCUCXR_0082_0.png,0,Montgomery,MCUCXR_0082_0
C:\Users\Manas\OneDrive\Documents\Dissertation\data\Shenzhen\images\CHNCXR_0411_1.png,1,Shenzhen,CHNCXR_0411_1
C:\Users\Manas\OneDrive\Documents\Dissertation\data\Montgomery\images\MCUCXR_0004_0.png,0,Montgomery,MCUCXR_0004_0
C:\Users\Manas\OneDrive\Documents\Dissertation\data\Shenzhen\images\CHNCXR_0619_1.png,1,Shenzhen,CHNCXR_0619_1
C:\Users\Manas\OneDrive\Documents\Dissertation\data\Shenzhen\images\CHNCXR_0030_0.png,0,Shenzhen,CHNCXR_0030_0
C:\Users\Manas\OneDrive\Documents\Dissertation\data\Montgomery\images\MCUCXR_0023_0.png,0,Montgomery,MCUCXR_0023_0
C:\Users\Manas\OneDrive\Documents\Dissertation\data\Shenzhen\images\CHNCXR_0654_1.png,1,Shenzhen,CHNCXR_0654_1
C:\Users\Manas\OneDrive\Documents\Dissertation\data\Montgomery\images\MCUCXR_0144_1.png,1,Montgomery,MCUCXR_0144_1
C:\Users\Manas\OneDrive\Documents\Dissertation\data\Montgomery\images\MCUCXR_0062_0.png,0,Montgomery,MCUCXR_0062_0
C:\Users\Manas\OneDrive\Documents\Dissertation\data\Shenzhen\images\CHNCXR_0662_1.png,1,Shenzhen,CHNCXR_0662_1
C:\Users\Manas\OneDrive\Documents\Dissertation\data\Shenzhen\images\CHNCXR_0273_0.png,0,Shenzhen,CHNCXR_0273_0
C:\Users\Manas\OneDrive\Documents\Dissertation\data\Shenzhen\images\CHNCXR_0068_0.png,0,Shenzhen,CHNCXR_0068_0
C:\Users\Manas\OneDrive\Documents\Dissertation\data\Shenzhen\images\CHNCXR_0324_0.png,0,Shenzhen,CHNCXR_0324_0
C:\Users\Manas\OneDrive\Documents\Dissertation\data\Shenzhen\images\CHNCXR_0025_0.png,0,Shenzhen,CHNCXR_0025_0
C:\Users\Manas\OneDrive\Documents\Dissertation\data\Shenzhen\images\CHNCXR_0178_0.png,0,Shenzhen,CHNCXR_0178_0
C:\Users\Manas\OneDrive\Documents\Dissertation\data\Shenzhen\images\CHNCXR_0212_0.png,0,Shenzhen,CHNCXR_0212_0
C:\Users\Manas\OneDrive\Documents\Dissertation\data\Montgomery\images\MCUCXR_0074_0.png,0,Montgomery,MCUCXR_0074_0
C:\Users\Manas\OneDrive\Documents\Dissertation\data\Shenzhen\images\CHNCXR_0118_0.png,0,Shenzhen,CHNCXR_0118_0
C:\Users\Manas\OneDrive\Documents\Dissertation\data\Shenzhen\images\CHNCXR_0624_1.png,1,Shenzhen,CHNCXR_0624_1
C:\Users\Manas\OneDrive\Documents\Dissertation\data\Shenzhen\images\CHNCXR_0279_0.png,0,Shenzhen,CHNCXR_0279_0
C:\Users\Manas\OneDrive\Documents\Dissertation\data\Shenzhen\images\CHNCXR_0436_1.png,1,Shenzhen,CHNCXR_0436_1
C:\Users\Manas\OneDrive\Documents\Dissertation\data\Montgomery\images\MCUCXR_0043_0.png,0,Montgomery,MCUCXR_0043_0
C:\Users\Manas\OneDrive\Documents\Dissertation\data\Shenzhen\images\CHNCXR_0329_1.png,1,Shenzhen,CHNCXR_0329_1
C:\Users\Manas\OneDrive\Documents\Dissertation\data\Shenzhen\images\CHNCXR_0388_1.png,1,Shenzhen,CHNCXR_0388_1
C:\Users\Manas\OneDrive\Documents\Dissertation\data\Shenzhen\images\CHNCXR_0491_1.png,1,Shenzhen,CHNCXR_0491_1
C:\Users\Manas\OneDrive\Documents\Dissertation\data\Shenzhen\images\CHNCXR_0272_0.png,0,Shenzhen,CHNCXR_0272_0
C:\Users\Manas\OneDrive\Documents\Dissertation\data\Shenzhen\images\CHNCXR_0482_1.png,1,Shenzhen,CHNCXR_0482_1
C:\Users\Manas\OneDrive\Documents\Dissertation\data\Shenzhen\images\CHNCXR_0343_1.png,1,Shenzhen,CHNCXR_0343_1
C:\Users\Manas\OneDrive\Documents\Dissertation\data\Shenzhen\images\CHNCXR_0164_0.png,0,Shenzhen,CHNCXR_0164_0
C:\Users\Manas\OneDrive\Documents\Dissertation\data\Shenzhen\images\CHNCXR_0322_0.png,0,Shenzhen,CHNCXR_0322_0
C:\Users\Manas\OneDrive\Documents\Dissertation\data\Montgomery\images\MCUCXR_0087_0.png,0,Montgomery,MCUCXR_0087_0
C:\Users\Manas\OneDrive\Documents\Dissertation\data\Shenzhen\images\CHNCXR_0074_0.png,0,Shenzhen,CHNCXR_0074_0
C:\Users\Manas\OneDrive\Documents\Dissertation\data\Shenzhen\images\CHNCXR_0587_1.png,1,Shenzhen,CHNCXR_0587_1
C:\Users\Manas\OneDrive\Documents\Dissertation\data\Shenzhen\images\CHNCXR_0640_1.png,1,Shenzhen,CHNCXR_0640_1
C:\Users\Manas\OneDrive\Documents\Dissertation\data\Shenzhen\images\CHNCXR_0428_1.png,1,Shenzhen,CHNCXR_0428_1
C:\Users\Manas\OneDrive\Documents\Dissertation\data\Shenzhen\images\CHNCXR_0117_0.png,0,Shenzhen,CHNCXR_0117_0
C:\Users\Manas\OneDrive\Documents\Dissertation\data\Montgomery\images\MCUCXR_0029_0.png,0,Montgomery,MCUCXR_0029_0
C:\Users\Manas\OneDrive\Documents\Dissertation\data\Shenzhen\images\CHNCXR_0097_0.png,0,Shenzhen,CHNCXR_0097_0
C:\Users\Manas\OneDrive\Documents\Dissertation\data\Shenzhen\images\CHNCXR_0112_0.png,0,Shenzhen,CHNCXR_0112_0
C:\Users\Manas\OneDrive\Documents\Dissertation\data\Montgomery\images\MCUCXR_0090_0.png,0,Montgomery,MCUCXR_0090_0
C:\Users\Manas\OneDrive\Documents\Dissertation\data\Shenzhen\images\CHNCXR_0404_1.png,1,Shenzhen,CHNCXR_0404_1
C:\Users\Manas\OneDrive\Documents\Dissertation\data\Shenzhen\images\CHNCXR_0038_0.png,0,Shenzhen,CHNCXR_0038_0
C:\Users\Manas\OneDrive\Documents\Dissertation\data\Shenzhen\images\CHNCXR_0020_0.png,0,Shenzhen,CHNCXR_0020_0
C:\Users\Manas\OneDrive\Documents\Dissertation\data\Shenzhen\images\CHNCXR_0381_1.png,1,Shenzhen,CHNCXR_0381_1
C:\Users\Manas\OneDrive\Documents\Dissertation\data\Shenzhen\images\CHNCXR_0539_1.png,1,Shenzhen,CHNCXR_0539_1
C:\Users\Manas\OneDrive\Documents\Dissertation\data\Montgomery\images\MCUCXR_0182_1.png,1,Montgomery,MCUCXR_0182_1
C:\Users\Manas\OneDrive\Documents\Dissertation\data\Shenzhen\images\CHNCXR_0173_0.png,0,Shenzhen,CHNCXR_0173_0
C:\Users\Manas\OneDrive\Documents\Dissertation\data\Shenzhen\images\CHNCXR_0363_1.png,1,Shenzhen,CHNCXR_0363_1
C:\Users\Manas\OneDrive\Documents\Dissertation\data\Montgomery\images\MCUCXR_0077_0.png,0,Montgomery,MCUCXR_0077_0
C:\Users\Manas\OneDrive\Documents\Dissertation\data\Shenzhen\images\CHNCXR_0017_0.png,0,Shenzhen,CHNCXR_0017_0
C:\Users\Manas\OneDrive\Documents\Dissertation\data\Shenzhen\images\CHNCXR_0238_0.png,0,Shenzhen,CHNCXR_0238_0
C:\Users\Manas\OneDrive\Documents\Dissertation\data\Shenzhen\images\CHNCXR_0367_1.png,1,Shenzhen,CHNCXR_0367_1
C:\Users\Manas\OneDrive\Documents\Dissertation\data\Shenzhen\images\CHNCXR_0234_0.png,0,Shenzhen,CHNCXR_0234_0
C:\Users\Manas\OneDrive\Documents\Dissertation\data\Shenzhen\images\CHNCXR_0483_1.png,1,Shenzhen,CHNCXR_0483_1
C:\Users\Manas\OneDrive\Documents\Dissertation\data\Shenzhen\images\CHNCXR_0465_1.png,1,Shenzhen,CHNCXR_0465_1
C:\Users\Manas\OneDrive\Documents\Dissertation\data\Shenzhen\images\CHNCXR_0012_0.png,0,Shenzhen,CHNCXR_0012_0
C:\Users\Manas\OneDrive\Documents\Dissertation\data\Shenzhen\images\CHNCXR_0372_1.png,1,Shenzhen,CHNCXR_0372_1
C:\Users\Manas\OneDrive\Documents\Dissertation\data\Shenzhen\images\CHNCXR_0313_0.png,0,Shenzhen,CHNCXR_0313_0
C:\Users\Manas\OneDrive\Documents\Dissertation\data\Montgomery\images\MCUCXR_0040_0.png,0,Montgomery,MCUCXR_0040_0
C:\Users\Manas\OneDrive\Documents\Dissertation\data\Montgomery\images\MCUCXR_0367_1.png,1,Montgomery,MCUCXR_0367_1
C:\Users\Manas\OneDrive\Documents\Dissertation\data\Shenzhen\images\CHNCXR_0204_0.png,0,Shenzhen,CHNCXR_0204_0
C:\Users\Manas\OneDrive\Documents\Dissertation\data\Shenzhen\images\CHNCXR_0577_1.png,1,Shenzhen,CHNCXR_0577_1
C:\Users\Manas\OneDrive\Documents\Dissertation\data\Montgomery\images\MCUCXR_0399_1.png,1,Montgomery,MCUCXR_0399_1
C:\Users\Manas\OneDrive\Documents\Dissertation\data\Shenzhen\images\CHNCXR_0357_1.png,1,Shenzhen,CHNCXR_0357_1
C:\Users\Manas\OneDrive\Documents\Dissertation\data\Montgomery\images\MCUCXR_0055_0.png,0,Montgomery,MCUCXR_0055_0
C:\Users\Manas\OneDrive\Documents\Dissertation\data\Shenzhen\images\CHNCXR_0060_0.png,0,Shenzhen,CHNCXR_0060_0
C:\Users\Manas\OneDrive\Documents\Dissertation\data\Shenzhen\images\CHNCXR_0661_1.png,1,Shenzhen,CHNCXR_0661_1
C:\Users\Manas\OneDrive\Documents\Dissertation\data\Shenzhen\images\CHNCXR_0255_0.png,0,Shenzhen,CHNCXR_0255_0
C:\Users\Manas\OneDrive\Documents\Dissertation\data\Montgomery\images\MCUCXR_0255_1.png,1,Montgomery,MCUCXR_0255_1
C:\Users\Manas\OneDrive\Documents\Dissertation\data\Shenzhen\images\CHNCXR_0514_1.png,1,Shenzhen,CHNCXR_0514_1
C:\Users\Manas\OneDrive\Documents\Dissertation\data\Shenzhen\images\CHNCXR_0300_0.png,0,Shenzhen,CHNCXR_0300_0
C:\Users\Manas\OneDrive\Documents\Dissertation\data\Shenzhen\images\CHNCXR_0588_1.png,1,Shenzhen,CHNCXR_0588_1
C:\Users\Manas\OneDrive\Documents\Dissertation\data\Shenzhen\images\CHNCXR_0424_1.png,1,Shenzhen,CHNCXR_0424_1
C:\Users\Manas\OneDrive\Documents\Dissertation\data\Shenzhen\images\CHNCXR_0354_1.png,1,Shenzhen,CHNCXR_0354_1
C:\Users\Manas\OneDrive\Documents\Dissertation\data\Shenzhen\images\CHNCXR_0655_1.png,1,Shenzhen,CHNCXR_0655_1
C:\Users\Manas\OneDrive\Documents\Dissertation\data\Shenzhen\images\CHNCXR_0609_1.png,1,Shenzhen,CHNCXR_0609_1
C:\Users\Manas\OneDrive\Documents\Dissertation\data\Shenzhen\images\CHNCXR_0531_1.png,1,Shenzhen,CHNCXR_0531_1
C:\Users\Manas\OneDrive\Documents\Dissertation\data\Shenzhen\images\CHNCXR_0120_0.png,0,Shenzhen,CHNCXR_0120_0
C:\Users\Manas\OneDrive\Documents\Dissertation\data\Shenzhen\images\CHNCXR_0574_1.png,1,Shenzhen,CHNCXR_0574_1
C:\Users\Manas\OneDrive\Documents\Dissertation\data\Shenzhen\images\CHNCXR_0344_1.png,1,Shenzhen,CHNCXR_0344_1
C:\Users\Manas\OneDrive\Documents\Dissertation\data\Shenzhen\images\CHNCXR_0123_0.png,0,Shenzhen,CHNCXR_0123_0
C:\Users\Manas\OneDrive\Documents\Dissertation\data\Shenzhen\images\CHNCXR_0513_1.png,1,Shenzhen,CHNCXR_0513_1
C:\Users\Manas\OneDrive\Documents\Dissertation\data\Shenzhen\images\CHNCXR_0397_1.png,1,Shenzhen,CHNCXR_0397_1
C:\Users\Manas\OneDrive\Documents\Dissertation\data\Shenzhen\images\CHNCXR_0082_0.png,0,Shenzhen,CHNCXR_0082_0
C:\Users\Manas\OneDrive\Documents\Dissertation\data\Shenzhen\images\CHNCXR_0405_1.png,1,Shenzhen,CHNCXR_0405_1
C:\Users\Manas\OneDrive\Documents\Dissertation\data\Shenzhen\images\CHNCXR_0408_1.png,1,Shenzhen,CHNCXR_0408_1
C:\Users\Manas\OneDrive\Documents\Dissertation\data\Shenzhen\images\CHNCXR_0305_0.png,0,Shenzhen,CHNCXR_0305_0
C:\Users\Manas\OneDrive\Documents\Dissertation\data\Shenzhen\images\CHNCXR_0610_1.png,1,Shenzhen,CHNCXR_0610_1
C:\Users\Manas\OneDrive\Documents\Dissertation\data\Shenzhen\images\CHNCXR_0534_1.png,1,Shenzhen,CHNCXR_0534_1
C:\Users\Manas\OneDrive\Documents\Dissertation\data\Shenzhen\images\CHNCXR_0496_1.png,1,Shenzhen,CHNCXR_0496_1
C:\Users\Manas\OneDrive\Documents\Dissertation\data\Shenzhen\images\CHNCXR_0087_0.png,0,Shenzhen,CHNCXR_0087_0
C:\Users\Manas\OneDrive\Documents\Dissertation\data\Shenzhen\images\CHNCXR_0108_0.png,0,Shenzhen,CHNCXR_0108_0
C:\Users\Manas\OneDrive\Documents\Dissertation\data\Shenzhen\images\CHNCXR_0437_1.png,1,Shenzhen,CHNCXR_0437_1
C:\Users\Manas\OneDrive\Documents\Dissertation\data\Shenzhen\images\CHNCXR_0224_0.png,0,Shenzhen,CHNCXR_0224_0
C:\Users\Manas\OneDrive\Documents\Dissertation\data\Shenzhen\images\CHNCXR_0519_1.png,1,Shenzhen,CHNCXR_0519_1
C:\Users\Manas\OneDrive\Documents\Dissertation\data\Montgomery\images\MCUCXR_0162_1.png,1,Montgomery,MCUCXR_0162_1
C:\Users\Manas\OneDrive\Documents\Dissertation\data\Montgomery\images\MCUCXR_0390_1.png,1,Montgomery,MCUCXR_0390_1
C:\Users\Manas\OneDrive\Documents\Dissertation\data\Montgomery\images\MCUCXR_0275_1.png,1,Montgomery,MCUCXR_0275_1
C:\Users\Manas\OneDrive\Documents\Dissertation\data\Shenzhen\images\CHNCXR_0195_0.png,0,Shenzhen,CHNCXR_0195_0
C:\Users\Manas\OneDrive\Documents\Dissertation\data\Shenzhen\images\CHNCXR_0396_1.png,1,Shenzhen,CHNCXR_0396_1
C:\Users\Manas\OneDrive\Documents\Dissertation\data\Montgomery\images\MCUCXR_0108_1.png,1,Montgomery,MCUCXR_0108_1
C:\Users\Manas\OneDrive\Documents\Dissertation\data\Montgomery\images\MCUCXR_0372_1.png,1,Montgomery,MCUCXR_0372_1
C:\Users\Manas\OneDrive\Documents\Dissertation\data\Shenzhen\images\CHNCXR_0413_1.png,1,Shenzhen,CHNCXR_0413_1
C:\Users\Manas\OneDrive\Documents\Dissertation\data\Shenzhen\images\CHNCXR_0462_1.png,1,Shenzhen,CHNCXR_0462_1
C:\Users\Manas\OneDrive\Documents\Dissertation\data\Shenzhen\images\CHNCXR_0552_1.png,1,Shenzhen,CHNCXR_0552_1
C:\Users\Manas\OneDrive\Documents\Dissertation\data\Shenzhen\images\CHNCXR_0479_1.png,1,Shenzhen,CHNCXR_0479_1
C:\Users\Manas\OneDrive\Documents\Dissertation\data\Shenzhen\images\CHNCXR_0333_1.png,1,Shenzhen,CHNCXR_0333_1
C:\Users\Manas\OneDrive\Documents\Dissertation\data\Shenzhen\images\CHNCXR_0622_1.png,1,Shenzhen,CHNCXR_0622_1
C:\Users\Manas\OneDrive\Documents\Dissertation\data\Shenzhen\images\CHNCXR_0643_1.png,1,Shenzhen,CHNCXR_0643_1
C:\Users\Manas\OneDrive\Documents\Dissertation\data\Shenzhen\images\CHNCXR_0423_1.png,1,Shenzhen,CHNCXR_0423_1
C:\Users\Manas\OneDrive\Documents\Dissertation\data\Shenzhen\images\CHNCXR_0392_1.png,1,Shenzhen,CHNCXR_0392_1
C:\Users\Manas\OneDrive\Documents\Dissertation\data\Shenzhen\images\CHNCXR_0520_1.png,1,Shenzhen,CHNCXR_0520_1
C:\Users\Manas\OneDrive\Documents\Dissertation\data\Montgomery\images\MCUCXR_0079_0.png,0,Montgomery,MCUCXR_0079_0
C:\Users\Manas\OneDrive\Documents\Dissertation\data\Shenzhen\images\CHNCXR_0140_0.png,0,Shenzhen,CHNCXR_0140_0
C:\Users\Manas\OneDrive\Documents\Dissertation\data\Shenzhen\images\CHNCXR_0031_0.png,0,Shenzhen,CHNCXR_0031_0
C:\Users\Manas\OneDrive\Documents\Dissertation\data\Shenzhen\images\CHNCXR_0286_0.png,0,Shenzhen,CHNCXR_0286_0
C:\Users\Manas\OneDrive\Documents\Dissertation\data\Shenzhen\images\CHNCXR_0110_0.png,0,Shenzhen,CHNCXR_0110_0
C:\Users\Manas\OneDrive\Documents\Dissertation\data\Montgomery\images\MCUCXR_0069_0.png,0,Montgomery,MCUCXR_0069_0
C:\Users\Manas\OneDrive\Documents\Dissertation\data\Shenzhen\images\CHNCXR_0527_1.png,1,Shenzhen,CHNCXR_0527_1
C:\Users\Manas\OneDrive\Documents\Dissertation\data\Montgomery\images\MCUCXR_0083_0.png,0,Montgomery,MCUCXR_0083_0
C:\Users\Manas\OneDrive\Documents\Dissertation\data\Shenzhen\images\CHNCXR_0111_0.png,0,Shenzhen,CHNCXR_0111_0
C:\Users\Manas\OneDrive\Documents\Dissertation\data\Shenzhen\images\CHNCXR_0652_1.png,1,Shenzhen,CHNCXR_0652_1
C:\Users\Manas\OneDrive\Documents\Dissertation\data\Shenzhen\images\CHNCXR_0648_1.png,1,Shenzhen,CHNCXR_0648_1
C:\Users\Manas\OneDrive\Documents\Dissertation\data\Shenzhen\images\CHNCXR_0339_1.png,1,Shenzhen,CHNCXR_0339_1
C:\Users\Manas\OneDrive\Documents\Dissertation\data\Shenzhen\images\CHNCXR_0345_1.png,1,Shenzhen,CHNCXR_0345_1
C:\Users\Manas\OneDrive\Documents\Dissertation\data\Montgomery\images\MCUCXR_0141_1.png,1,Montgomery,MCUCXR_0141_1
C:\Users\Manas\OneDrive\Documents\Dissertation\data\Shenzhen\images\CHNCXR_0240_0.png,0,Shenzhen,CHNCXR_0240_0
C:\Users\Manas\OneDrive\Documents\Dissertation\data\Shenzhen\images\CHNCXR_0064_0.png,0,Shenzhen,CHNCXR_0064_0
C:\Users\Manas\OneDrive\Documents\Dissertation\data\Shenzhen\images\CHNCXR_0158_0.png,0,Shenzhen,CHNCXR_0158_0
C:\Users\Manas\OneDrive\Documents\Dissertation\data\Shenzhen\images\CHNCXR_0334_1.png,1,Shenzhen,CHNCXR_0334_1
C:\Users\Manas\OneDrive\Documents\Dissertation\data\Shenzhen\images\CHNCXR_0507_1.png,1,Shenzhen,CHNCXR_0507_1
C:\Users\Manas\OneDrive\Documents\Dissertation\data\Montgomery\images\MCUCXR_0294_1.png,1,Montgomery,MCUCXR_0294_1
C:\Users\Manas\OneDrive\Documents\Dissertation\data\Shenzhen\images\CHNCXR_0509_1.png,1,Shenzhen,CHNCXR_0509_1
C:\Users\Manas\OneDrive\Documents\Dissertation\data\Montgomery\images\MCUCXR_0031_0.png,0,Montgomery,MCUCXR_0031_0
C:\Users\Manas\OneDrive\Documents\Dissertation\data\Shenzhen\images\CHNCXR_0306_0.png,0,Shenzhen,CHNCXR_0306_0
C:\Users\Manas\OneDrive\Documents\Dissertation\data\Shenzhen\images\CHNCXR_0602_1.png,1,Shenzhen,CHNCXR_0602_1
C:\Users\Manas\OneDrive\Documents\Dissertation\data\Shenzhen\images\CHNCXR_0525_1.png,1,Shenzhen,CHNCXR_0525_1
C:\Users\Manas\OneDrive\Documents\Dissertation\data\Shenzhen\images\CHNCXR_0537_1.png,1,Shenzhen,CHNCXR_0537_1
C:\Users\Manas\OneDrive\Documents\Dissertation\data\Shenzhen\images\CHNCXR_0143_0.png,0,Shenzhen,CHNCXR_0143_0
C:\Users\Manas\OneDrive\Documents\Dissertation\data\Montgomery\images\MCUCXR_0289_1.png,1,Montgomery,MCUCXR_0289_1
C:\Users\Manas\OneDrive\Documents\Dissertation\data\Shenzhen\images\CHNCXR_0036_0.png,0,Shenzhen,CHNCXR_0036_0
C:\Users\Manas\OneDrive\Documents\Dissertation\data\Shenzhen\images\CHNCXR_0560_1.png,1,Shenzhen,CHNCXR_0560_1
C:\Users\Manas\OneDrive\Documents\Dissertation\data\Shenzhen\images\CHNCXR_0497_1.png,1,Shenzhen,CHNCXR_0497_1
C:\Users\Manas\OneDrive\Documents\Dissertation\data\Shenzhen\images\CHNCXR_0589_1.png,1,Shenzhen,CHNCXR_0589_1
C:\Users\Manas\OneDrive\Documents\Dissertation\data\Shenzhen\images\CHNCXR_0269_0.png,0,Shenzhen,CHNCXR_0269_0
C:\Users\Manas\OneDrive\Documents\Dissertation\data\Shenzhen\images\CHNCXR_0636_1.png,1,Shenzhen,CHNCXR_0636_1
C:\Users\Manas\OneDrive\Documents\Dissertation\data\Shenzhen\images\CHNCXR_0562_1.png,1,Shenzhen,CHNCXR_0562_1
C:\Users\Manas\OneDrive\Documents\Dissertation\data\Shenzhen\images\CHNCXR_0533_1.png,1,Shenzhen,CHNCXR_0533_1
C:\Users\Manas\OneDrive\Documents\Dissertation\data\Shenzhen\images\CHNCXR_0254_0.png,0,Shenzhen,CHNCXR_0254_0
C:\Users\Manas\OneDrive\Documents\Dissertation\data\Shenzhen\images\CHNCXR_0006_0.png,0,Shenzhen,CHNCXR_0006_0
C:\Users\Manas\OneDrive\Documents\Dissertation\data\Shenzhen\images\CHNCXR_0510_1.png,1,Shenzhen,CHNCXR_0510_1
C:\Users\Manas\OneDrive\Documents\Dissertation\data\Shenzhen\images\CHNCXR_0481_1.png,1,Shenzhen,CHNCXR_0481_1
C:\Users\Manas\OneDrive\Documents\Dissertation\data\Shenzhen\images\CHNCXR_0434_1.png,1,Shenzhen,CHNCXR_0434_1
C:\Users\Manas\OneDrive\Documents\Dissertation\data\Shenzhen\images\CHNCXR_0632_1.png,1,Shenzhen,CHNCXR_0632_1
C:\Users\Manas\OneDrive\Documents\Dissertation\data\Shenzhen\images\CHNCXR_0032_0.png,0,Shenzhen,CHNCXR_0032_0
C:\Users\Manas\OneDrive\Documents\Dissertation\data\Shenzhen\images\CHNCXR_0456_1.png,1,Shenzhen,CHNCXR_0456_1
C:\Users\Manas\OneDrive\Documents\Dissertation\data\Shenzhen\images\CHNCXR_0540_1.png,1,Shenzhen,CHNCXR_0540_1
C:\Users\Manas\OneDrive\Documents\Dissertation\data\Montgomery\images\MCUCXR_0203_1.png,1,Montgomery,MCUCXR_0203_1
C:\Users\Manas\OneDrive\Documents\Dissertation\data\Shenzhen\images\CHNCXR_0476_1.png,1,Shenzhen,CHNCXR_0476_1
C:\Users\Manas\OneDrive\Documents\Dissertation\data\Shenzhen\images\CHNCXR_0160_0.png,0,Shenzhen,CHNCXR_0160_0
C:\Users\Manas\OneDrive\Documents\Dissertation\data\Shenzhen\images\CHNCXR_0467_1.png,1,Shenzhen,CHNCXR_0467_1
C:\Users\Manas\OneDrive\Documents\Dissertation\data\Shenzhen\images\CHNCXR_0621_1.png,1,Shenzhen,CHNCXR_0621_1
C:\Users\Manas\OneDrive\Documents\Dissertation\data\Shenzhen\images\CHNCXR_0620_1.png,1,Shenzhen,CHNCXR_0620_1
C:\Users\Manas\OneDrive\Documents\Dissertation\data\Shenzhen\images\CHNCXR_0366_1.png,1,Shenzhen,CHNCXR_0366_1
C:\Users\Manas\OneDrive\Documents\Dissertation\data\Montgomery\images\MCUCXR_0228_1.png,1,Montgomery,MCUCXR_0228_1
C:\Users\Manas\OneDrive\Documents\Dissertation\data\Shenzhen\images\CHNCXR_0004_0.png,0,Shenzhen,CHNCXR_0004_0
C:\Users\Manas\OneDrive\Documents\Dissertation\data\Shenzhen\images\CHNCXR_0149_0.png,0,Shenzhen,CHNCXR_0149_0
C:\Users\Manas\OneDrive\Documents\Dissertation\data\Shenzhen\images\CHNCXR_0194_0.png,0,Shenzhen,CHNCXR_0194_0
C:\Users\Manas\OneDrive\Documents\Dissertation\data\Shenzhen\images\CHNCXR_0331_1.png,1,Shenzhen,CHNCXR_0331_1
C:\Users\Manas\OneDrive\Documents\Dissertation\data\Shenzhen\images\CHNCXR_0512_1.png,1,Shenzhen,CHNCXR_0512_1
C:\Users\Manas\OneDrive\Documents\Dissertation\data\Shenzhen\images\CHNCXR_0093_0.png,0,Shenzhen,CHNCXR_0093_0
C:\Users\Manas\OneDrive\Documents\Dissertation\data\Shenzhen\images\CHNCXR_0221_0.png,0,Shenzhen,CHNCXR_0221_0
C:\Users\Manas\OneDrive\Documents\Dissertation\data\Shenzhen\images\CHNCXR_0066_0.png,0,Shenzhen,CHNCXR_0066_0
C:\Users\Manas\OneDrive\Documents\Dissertation\data\Shenzhen\images\CHNCXR_0267_0.png,0,Shenzhen,CHNCXR_0267_0
C:\Users\Manas\OneDrive\Documents\Dissertation\data\Shenzhen\images\CHNCXR_0098_0.png,0,Shenzhen,CHNCXR_0098_0
C:\Users\Manas\OneDrive\Documents\Dissertation\data\Shenzhen\images\CHNCXR_0385_1.png,1,Shenzhen,CHNCXR_0385_1
C:\Users\Manas\OneDrive\Documents\Dissertation\data\Shenzhen\images\CHNCXR_0248_0.png,0,Shenzhen,CHNCXR_0248_0
C:\Users\Manas\OneDrive\Documents\Dissertation\data\Shenzhen\images\CHNCXR_0045_0.png,0,Shenzhen,CHNCXR_0045_0
C:\Users\Manas\OneDrive\Documents\Dissertation\data\Shenzhen\images\CHNCXR_0328_1.png,1,Shenzhen,CHNCXR_0328_1
C:\Users\Manas\OneDrive\Documents\Dissertation\data\Shenzhen\images\CHNCXR_0360_1.png,1,Shenzhen,CHNCXR_0360_1
C:\Users\Manas\OneDrive\Documents\Dissertation\data\Shenzhen\images\CHNCXR_0229_0.png,0,Shenzhen,CHNCXR_0229_0
C:\Users\Manas\OneDrive\Documents\Dissertation\data\Shenzhen\images\CHNCXR_0347_1.png,1,Shenzhen,CHNCXR_0347_1
C:\Users\Manas\OneDrive\Documents\Dissertation\data\Montgomery\images\MCUCXR_0243_1.png,1,Montgomery,MCUCXR_0243_1
C:\Users\Manas\OneDrive\Documents\Dissertation\data\Montgomery\images\MCUCXR_0072_0.png,0,Montgomery,MCUCXR_0072_0
C:\Users\Manas\OneDrive\Documents\Dissertation\data\Shenzhen\images\CHNCXR_0499_1.png,1,Shenzhen,CHNCXR_0499_1
C:\Users\Manas\OneDrive\Documents\Dissertation\data\Shenzhen\images\CHNCXR_0037_0.png,0,Shenzhen,CHNCXR_0037_0
C:\Users\Manas\OneDrive\Documents\Dissertation\data\Shenzhen\images\CHNCXR_0283_0.png,0,Shenzhen,CHNCXR_0283_0
C:\Users\Manas\OneDrive\Documents\Dissertation\data\Shenzhen\images\CHNCXR_0071_0.png,0,Shenzhen,CHNCXR_0071_0
C:\Users\Manas\OneDrive\Documents\Dissertation\data\Shenzhen\images\CHNCXR_0653_1.png,1,Shenzhen,CHNCXR_0653_1
C:\Users\Manas\OneDrive\Documents\Dissertation\data\Shenzhen\images\CHNCXR_0153_0.png,0,Shenzhen,CHNCXR_0153_0
C:\Users\Manas\OneDrive\Documents\Dissertation\data\Montgomery\images\MCUCXR_0042_0.png,0,Montgomery,MCUCXR_0042_0
C:\Users\Manas\OneDrive\Documents\Dissertation\data\Shenzhen\images\CHNCXR_0196_0.png,0,Shenzhen,CHNCXR_0196_0
C:\Users\Manas\OneDrive\Documents\Dissertation\data\Montgomery\images\MCUCXR_0041_0.png,0,Montgomery,MCUCXR_0041_0
C:\Users\Manas\OneDrive\Documents\Dissertation\data\Shenzhen\images\CHNCXR_0355_1.png,1,Shenzhen,CHNCXR_0355_1
C:\Users\Manas\OneDrive\Documents\Dissertation\data\Shenzhen\images\CHNCXR_0052_0.png,0,Shenzhen,CHNCXR_0052_0
C:\Users\Manas\OneDrive\Documents\Dissertation\data\Shenzhen\images\CHNCXR_0414_1.png,1,Shenzhen,CHNCXR_0414_1
C:\Users\Manas\OneDrive\Documents\Dissertation\data\Shenzhen\images\CHNCXR_0647_1.png,1,Shenzhen,CHNCXR_0647_1
C:\Users\Manas\OneDrive\Documents\Dissertation\data\Shenzhen\images\CHNCXR_0659_1.png,1,Shenzhen,CHNCXR_0659_1
C:\Users\Manas\OneDrive\Documents\Dissertation\data\Shenzhen\images\CHNCXR_0442_1.png,1,Shenzhen,CHNCXR_0442_1
C:\Users\Manas\OneDrive\Documents\Dissertation\data\Shenzhen\images\CHNCXR_0166_0.png,0,Shenzhen,CHNCXR_0166_0
C:\Users\Manas\OneDrive\Documents\Dissertation\data\Shenzhen\images\CHNCXR_0353_1.png,1,Shenzhen,CHNCXR_0353_1
C:\Users\Manas\OneDrive\Documents\Dissertation\data\Shenzhen\images\CHNCXR_0070_0.png,0,Shenzhen,CHNCXR_0070_0
C:\Users\Manas\OneDrive\Documents\Dissertation\data\Shenzhen\images\CHNCXR_0614_1.png,1,Shenzhen,CHNCXR_0614_1
C:\Users\Manas\OneDrive\Documents\Dissertation\data\Montgomery\images\MCUCXR_0251_1.png,1,Montgomery,MCUCXR_0251_1
C:\Users\Manas\OneDrive\Documents\Dissertation\data\Shenzhen\images\CHNCXR_0184_0.png,0,Shenzhen,CHNCXR_0184_0
C:\Users\Manas\OneDrive\Documents\Dissertation\data\Shenzhen\images\CHNCXR_0630_1.png,1,Shenzhen,CHNCXR_0630_1
C:\Users\Manas\OneDrive\Documents\Dissertation\data\Shenzhen\images\CHNCXR_0147_0.png,0,Shenzhen,CHNCXR_0147_0
C:\Users\Manas\OneDrive\Documents\Dissertation\data\Shenzhen\images\CHNCXR_0169_0.png,0,Shenzhen,CHNCXR_0169_0
C:\Users\Manas\OneDrive\Documents\Dissertation\data\Shenzhen\images\CHNCXR_0239_0.png,0,Shenzhen,CHNCXR_0239_0
C:\Users\Manas\OneDrive\Documents\Dissertation\data\Montgomery\images\MCUCXR_0223_1.png,1,Montgomery,MCUCXR_0223_1
C:\Users\Manas\OneDrive\Documents\Dissertation\data\Shenzhen\images\CHNCXR_0303_0.png,0,Shenzhen,CHNCXR_0303_0
C:\Users\Manas\OneDrive\Documents\Dissertation\data\Shenzhen\images\CHNCXR_0249_0.png,0,Shenzhen,CHNCXR_0249_0
C:\Users\Manas\OneDrive\Documents\Dissertation\data\Shenzhen\images\CHNCXR_0461_1.png,1,Shenzhen,CHNCXR_0461_1
C:\Users\Manas\OneDrive\Documents\Dissertation\data\Shenzhen\images\CHNCXR_0536_1.png,1,Shenzhen,CHNCXR_0536_1
C:\Users\Manas\OneDrive\Documents\Dissertation\data\Shenzhen\images\CHNCXR_0142_0.png,0,Shenzhen,CHNCXR_0142_0
C:\Users\Manas\OneDrive\Documents\Dissertation\data\Montgomery\images\MCUCXR_0063_0.png,0,Montgomery,MCUCXR_0063_0
C:\Users\Manas\OneDrive\Documents\Dissertation\data\Shenzhen\images\CHNCXR_0633_1.png,1,Shenzhen,CHNCXR_0633_1
C:\Users\Manas\OneDrive\Documents\Dissertation\data\Shenzhen\images\CHNCXR_0463_1.png,1,Shenzhen,CHNCXR_0463_1
C:\Users\Manas\OneDrive\Documents\Dissertation\data\Shenzhen\images\CHNCXR_0292_0.png,0,Shenzhen,CHNCXR_0292_0
C:\Users\Manas\OneDrive\Documents\Dissertation\data\Shenzhen\images\CHNCXR_0356_1.png,1,Shenzhen,CHNCXR_0356_1
C:\Users\Manas\OneDrive\Documents\Dissertation\data\Shenzhen\images\CHNCXR_0266_0.png,0,Shenzhen,CHNCXR_0266_0
C:\Users\Manas\OneDrive\Documents\Dissertation\data\Shenzhen\images\CHNCXR_0618_1.png,1,Shenzhen,CHNCXR_0618_1
C:\Users\Manas\OneDrive\Documents\Dissertation\data\Shenzhen\images\CHNCXR_0326_0.png,0,Shenzhen,CHNCXR_0326_0
C:\Users\Manas\OneDrive\Documents\Dissertation\data\Shenzhen\images\CHNCXR_0133_0.png,0,Shenzhen,CHNCXR_0133_0
C:\Users\Manas\OneDrive\Documents\Dissertation\data\Shenzhen\images\CHNCXR_0250_0.png,0,Shenzhen,CHNCXR_0250_0
C:\Users\Manas\OneDrive\Documents\Dissertation\data\Shenzhen\images\CHNCXR_0403_1.png,1,Shenzhen,CHNCXR_0403_1
C:\Users\Manas\OneDrive\Documents\Dissertation\data\Shenzhen\images\CHNCXR_0247_0.png,0,Shenzhen,CHNCXR_0247_0
C:\Users\Manas\OneDrive\Documents\Dissertation\data\Shenzhen\images\CHNCXR_0197_0.png,0,Shenzhen,CHNCXR_0197_0
C:\Users\Manas\OneDrive\Documents\Dissertation\data\Montgomery\images\MCUCXR_0311_1.png,1,Montgomery,MCUCXR_0311_1
C:\Users\Manas\OneDrive\Documents\Dissertation\data\Shenzhen\images\CHNCXR_0007_0.png,0,Shenzhen,CHNCXR_0007_0
C:\Users\Manas\OneDrive\Documents\Dissertation\data\Shenzhen\images\CHNCXR_0109_0.png,0,Shenzhen,CHNCXR_0109_0
C:\Users\Manas\OneDrive\Documents\Dissertation\data\Montgomery\images\MCUCXR_0301_1.png,1,Montgomery,MCUCXR_0301_1
C:\Users\Manas\OneDrive\Documents\Dissertation\data\Shenzhen\images\CHNCXR_0495_1.png,1,Shenzhen,CHNCXR_0495_1
C:\Users\Manas\OneDrive\Documents\Dissertation\data\Shenzhen\images\CHNCXR_0406_1.png,1,Shenzhen,CHNCXR_0406_1
C:\Users\Manas\OneDrive\Documents\Dissertation\data\Shenzhen\images\CHNCXR_0529_1.png,1,Shenzhen,CHNCXR_0529_1
C:\Users\Manas\OneDrive\Documents\Dissertation\data\Shenzhen\images\CHNCXR_0607_1.png,1,Shenzhen,CHNCXR_0607_1
C:\Users\Manas\OneDrive\Documents\Dissertation\data\Shenzhen\images\CHNCXR_0034_0.png,0,Shenzhen,CHNCXR_0034_0
C:\Users\Manas\OneDrive\Documents\Dissertation\data\Montgomery\images\MCUCXR_0048_0.png,0,Montgomery,MCUCXR_0048_0
C:\Users\Manas\OneDrive\Documents\Dissertation\data\Shenzhen\images\CHNCXR_0278_0.png,0,Shenzhen,CHNCXR_0278_0
C:\Users\Manas\OneDrive\Documents\Dissertation\data\Shenzhen\images\CHNCXR_0325_0.png,0,Shenzhen,CHNCXR_0325_0
C:\Users\Manas\OneDrive\Documents\Dissertation\data\Montgomery\images\MCUCXR_0006_0.png,0,Montgomery,MCUCXR_0006_0
C:\Users\Manas\OneDrive\Documents\Dissertation\data\Montgomery\images\MCUCXR_0046_0.png,0,Montgomery,MCUCXR_0046_0
C:\Users\Manas\OneDrive\Documents\Dissertation\data\Shenzhen\images\CHNCXR_0593_1.png,1,Shenzhen,CHNCXR_0593_1
C:\Users\Manas\OneDrive\Documents\Dissertation\data\Shenzhen\images\CHNCXR_0567_1.png,1,Shenzhen,CHNCXR_0567_1
C:\Users\Manas\OneDrive\Documents\Dissertation\data\Shenzhen\images\CHNCXR_0581_1.png,1,Shenzhen,CHNCXR_0581_1
C:\Users\Manas\OneDrive\Documents\Dissertation\data\Shenzhen\images\CHNCXR_0155_0.png,0,Shenzhen,CHNCXR_0155_0
C:\Users\Manas\OneDrive\Documents\Dissertation\data\Shenzhen\images\CHNCXR_0582_1.png,1,Shenzhen,CHNCXR_0582_1
C:\Users\Manas\OneDrive\Documents\Dissertation\data\Shenzhen\images\CHNCXR_0493_1.png,1,Shenzhen,CHNCXR_0493_1
C:\Users\Manas\OneDrive\Documents\Dissertation\data\Shenzhen\images\CHNCXR_0538_1.png,1,Shenzhen,CHNCXR_0538_1
C:\Users\Manas\OneDrive\Documents\Dissertation\data\Shenzhen\images\CHNCXR_0375_1.png,1,Shenzhen,CHNCXR_0375_1
C:\Users\Manas\OneDrive\Documents\Dissertation\data\Shenzhen\images\CHNCXR_0346_1.png,1,Shenzhen,CHNCXR_0346_1
C:\Users\Manas\OneDrive\Documents\Dissertation\data\Shenzhen\images\CHNCXR_0165_0.png,0,Shenzhen,CHNCXR_0165_0
C:\Users\Manas\OneDrive\Documents\Dissertation\data\Shenzhen\images\CHNCXR_0350_1.png,1,Shenzhen,CHNCXR_0350_1
C:\Users\Manas\OneDrive\Documents\Dissertation\data\Shenzhen\images\CHNCXR_0207_0.png,0,Shenzhen,CHNCXR_0207_0
C:\Users\Manas\OneDrive\Documents\Dissertation\data\Shenzhen\images\CHNCXR_0069_0.png,0,Shenzhen,CHNCXR_0069_0
C:\Users\Manas\OneDrive\Documents\Dissertation\data\Shenzhen\images\CHNCXR_0078_0.png,0,Shenzhen,CHNCXR_0078_0
C:\Users\Manas\OneDrive\Documents\Dissertation\data\Shenzhen\images\CHNCXR_0262_0.png,0,Shenzhen,CHNCXR_0262_0
C:\Users\Manas\OneDrive\Documents\Dissertation\data\Shenzhen\images\CHNCXR_0558_1.png,1,Shenzhen,CHNCXR_0558_1
C:\Users\Manas\OneDrive\Documents\Dissertation\data\Shenzhen\images\CHNCXR_0319_0.png,0,Shenzhen,CHNCXR_0319_0
C:\Users\Manas\OneDrive\Documents\Dissertation\data\Montgomery\images\MCUCXR_0091_0.png,0,Montgomery,MCUCXR_0091_0
C:\Users\Manas\OneDrive\Documents\Dissertation\data\Shenzhen\images\CHNCXR_0116_0.png,0,Shenzhen,CHNCXR_0116_0
C:\Users\Manas\OneDrive\Documents\Dissertation\data\Shenzhen\images\CHNCXR_0433_1.png,1,Shenzhen,CHNCXR_0433_1
C:\Users\Manas\OneDrive\Documents\Dissertation\data\Shenzhen\images\CHNCXR_0502_1.png,1,Shenzhen,CHNCXR_0502_1
C:\Users\Manas\OneDrive\Documents\Dissertation\data\Shenzhen\images\CHNCXR_0187_0.png,0,Shenzhen,CHNCXR_0187_0
C:\Users\Manas\OneDrive\Documents\Dissertation\data\Shenzhen\images\CHNCXR_0371_1.png,1,Shenzhen,CHNCXR_0371_1
C:\Users\Manas\OneDrive\Documents\Dissertation\data\Shenzhen\images\CHNCXR_0125_0.png,0,Shenzhen,CHNCXR_0125_0
C:\Users\Manas\OneDrive\Documents\Dissertation\data\Shenzhen\images\CHNCXR_0557_1.png,1,Shenzhen,CHNCXR_0557_1
C:\Users\Manas\OneDrive\Documents\Dissertation\data\Montgomery\images\MCUCXR_0348_1.png,1,Montgomery,MCUCXR_0348_1
C:\Users\Manas\OneDrive\Documents\Dissertation\data\Shenzhen\images\CHNCXR_0137_0.png,0,Shenzhen,CHNCXR_0137_0
C:\Users\Manas\OneDrive\Documents\Dissertation\data\Shenzhen\images\CHNCXR_0177_0.png,0,Shenzhen,CHNCXR_0177_0
C:\Users\Manas\OneDrive\Documents\Dissertation\data\Shenzhen\images\CHNCXR_0199_0.png,0,Shenzhen,CHNCXR_0199_0
C:\Users\Manas\OneDrive\Documents\Dissertation\data\Shenzhen\images\CHNCXR_0008_0.png,0,Shenzhen,CHNCXR_0008_0
C:\Users\Manas\OneDrive\Documents\Dissertation\data\Shenzhen\images\CHNCXR_0596_1.png,1,Shenzhen,CHNCXR_0596_1
C:\Users\Manas\OneDrive\Documents\Dissertation\data\Montgomery\images\MCUCXR_0100_0.png,0,Montgomery,MCUCXR_0100_0
C:\Users\Manas\OneDrive\Documents\Dissertation\data\Shenzhen\images\CHNCXR_0352_1.png,1,Shenzhen,CHNCXR_0352_1
C:\Users\Manas\OneDrive\Documents\Dissertation\data\Shenzhen\images\CHNCXR_0105_0.png,0,Shenzhen,CHNCXR_0105_0
C:\Users\Manas\OneDrive\Documents\Dissertation\data\Shenzhen\images\CHNCXR_0561_1.png,1,Shenzhen,CHNCXR_0561_1
C:\Users\Manas\OneDrive\Documents\Dissertation\data\Shenzhen\images\CHNCXR_0186_0.png,0,Shenzhen,CHNCXR_0186_0
C:\Users\Manas\OneDrive\Documents\Dissertation\data\Shenzhen\images\CHNCXR_0285_0.png,0,Shenzhen,CHNCXR_0285_0
C:\Users\Manas\OneDrive\Documents\Dissertation\data\Shenzhen\images\CHNCXR_0317_0.png,0,Shenzhen,CHNCXR_0317_0
C:\Users\Manas\OneDrive\Documents\Dissertation\data\Shenzhen\images\CHNCXR_0281_0.png,0,Shenzhen,CHNCXR_0281_0
C:\Users\Manas\OneDrive\Documents\Dissertation\data\Montgomery\images\MCUCXR_0140_1.png,1,Montgomery,MCUCXR_0140_1
C:\Users\Manas\OneDrive\Documents\Dissertation\data\Shenzhen\images\CHNCXR_0018_0.png,0,Shenzhen,CHNCXR_0018_0
C:\Users\Manas\OneDrive\Documents\Dissertation\data\Montgomery\images\MCUCXR_0117_1.png,1,Montgomery,MCUCXR_0117_1
C:\Users\Manas\OneDrive\Documents\Dissertation\data\Shenzhen\images\CHNCXR_0132_0.png,0,Shenzhen,CHNCXR_0132_0
C:\Users\Manas\OneDrive\Documents\Dissertation\data\Shenzhen\images\CHNCXR_0198_0.png,0,Shenzhen,CHNCXR_0198_0
C:\Users\Manas\OneDrive\Documents\Dissertation\data\Shenzhen\images\CHNCXR_0222_0.png,0,Shenzhen,CHNCXR_0222_0
C:\Users\Manas\OneDrive\Documents\Dissertation\data\Shenzhen\images\CHNCXR_0631_1.png,1,Shenzhen,CHNCXR_0631_1
C:\Users\Manas\OneDrive\Documents\Dissertation\data\Shenzhen\images\CHNCXR_0083_0.png,0,Shenzhen,CHNCXR_0083_0
C:\Users\Manas\OneDrive\Documents\Dissertation\data\Shenzhen\images\CHNCXR_0308_0.png,0,Shenzhen,CHNCXR_0308_0
C:\Users\Manas\OneDrive\Documents\Dissertation\data\Shenzhen\images\CHNCXR_0383_1.png,1,Shenzhen,CHNCXR_0383_1
C:\Users\Manas\OneDrive\Documents\Dissertation\data\Shenzhen\images\CHNCXR_0458_1.png,1,Shenzhen,CHNCXR_0458_1
C:\Users\Manas\OneDrive\Documents\Dissertation\data\Shenzhen\images\CHNCXR_0061_0.png,0,Shenzhen,CHNCXR_0061_0
C:\Users\Manas\OneDrive\Documents\Dissertation\data\Shenzhen\images\CHNCXR_0569_1.png,1,Shenzhen,CHNCXR_0569_1
C:\Users\Manas\OneDrive\Documents\Dissertation\data\Montgomery\images\MCUCXR_0054_0.png,0,Montgomery,MCUCXR_0054_0
C:\Users\Manas\OneDrive\Documents\Dissertation\data\Shenzhen\images\CHNCXR_0156_0.png,0,Shenzhen,CHNCXR_0156_0
C:\Users\Manas\OneDrive\Documents\Dissertation\data\Shenzhen\images\CHNCXR_0500_1.png,1,Shenzhen,CHNCXR_0500_1
C:\Users\Manas\OneDrive\Documents\Dissertation\data\Shenzhen\images\CHNCXR_0096_0.png,0,Shenzhen,CHNCXR_0096_0
C:\Users\Manas\OneDrive\Documents\Dissertation\data\Montgomery\images\MCUCXR_0354_1.png,1,Montgomery,MCUCXR_0354_1
C:\Users\Manas\OneDrive\Documents\Dissertation\data\Shenzhen\images\CHNCXR_0377_1.png,1,Shenzhen,CHNCXR_0377_1
C:\Users\Manas\OneDrive\Documents\Dissertation\data\Shenzhen\images\CHNCXR_0259_0.png,0,Shenzhen,CHNCXR_0259_0
C:\Users\Manas\OneDrive\Documents\Dissertation\data\Shenzhen\images\CHNCXR_0138_0.png,0,Shenzhen,CHNCXR_0138_0
C:\Users\Manas\OneDrive\Documents\Dissertation\data\Shenzhen\images\CHNCXR_0526_1.png,1,Shenzhen,CHNCXR_0526_1
C:\Users\Manas\OneDrive\Documents\Dissertation\data\Shenzhen\images\CHNCXR_0399_1.png,1,Shenzhen,CHNCXR_0399_1
C:\Users\Manas\OneDrive\Documents\Dissertation\data\Montgomery\images\MCUCXR_0352_1.png,1,Montgomery,MCUCXR_0352_1
C:\Users\Manas\OneDrive\Documents\Dissertation\data\Shenzhen\images\CHNCXR_0295_0.png,0,Shenzhen,CHNCXR_0295_0
C:\Users\Manas\OneDrive\Documents\Dissertation\data\Shenzhen\images\CHNCXR_0656_1.png,1,Shenzhen,CHNCXR_0656_1
C:\Users\Manas\OneDrive\Documents\Dissertation\data\Shenzhen\images\CHNCXR_0210_0.png,0,Shenzhen,CHNCXR_0210_0
C:\Users\Manas\OneDrive\Documents\Dissertation\data\Shenzhen\images\CHNCXR_0523_1.png,1,Shenzhen,CHNCXR_0523_1
C:\Users\Manas\OneDrive\Documents\Dissertation\data\Shenzhen\images\CHNCXR_0435_1.png,1,Shenzhen,CHNCXR_0435_1
C:\Users\Manas\OneDrive\Documents\Dissertation\data\Montgomery\images\MCUCXR_0331_1.png,1,Montgomery,MCUCXR_0331_1
C:\Users\Manas\OneDrive\Documents\Dissertation\data\Shenzhen\images\CHNCXR_0597_1.png,1,Shenzhen,CHNCXR_0597_1
C:\Users\Manas\OneDrive\Documents\Dissertation\data\Montgomery\images\MCUCXR_0015_0.png,0,Montgomery,MCUCXR_0015_0
C:\Users\Manas\OneDrive\Documents\Dissertation\data\Montgomery\images\MCUCXR_0011_0.png,0,Montgomery,MCUCXR_0011_0
C:\Users\Manas\OneDrive\Documents\Dissertation\data\Shenzhen\images\CHNCXR_0134_0.png,0,Shenzhen,CHNCXR_0134_0
C:\Users\Manas\OneDrive\Documents\Dissertation\data\Montgomery\images\MCUCXR_0051_0.png,0,Montgomery,MCUCXR_0051_0
C:\Users\Manas\OneDrive\Documents\Dissertation\data\Shenzhen\images\CHNCXR_0341_1.png,1,Shenzhen,CHNCXR_0341_1
C:\Users\Manas\OneDrive\Documents\Dissertation\data\Montgomery\images\MCUCXR_0058_0.png,0,Montgomery,MCUCXR_0058_0
C:\Users\Manas\OneDrive\Documents\Dissertation\data\Shenzhen\images\CHNCXR_0067_0.png,0,Shenzhen,CHNCXR_0067_0
C:\Users\Manas\OneDrive\Documents\Dissertation\data\Shenzhen\images\CHNCXR_0376_1.png,1,Shenzhen,CHNCXR_0376_1
C:\Users\Manas\OneDrive\Documents\Dissertation\data\Montgomery\images\MCUCXR_0080_0.png,0,Montgomery,MCUCXR_0080_0
C:\Users\Manas\OneDrive\Documents\Dissertation\data\Shenzhen\images\CHNCXR_0027_0.png,0,Shenzhen,CHNCXR_0027_0
C:\Users\Manas\OneDrive\Documents\Dissertation\data\Shenzhen\images\CHNCXR_0113_0.png,0,Shenzhen,CHNCXR_0113_0
C:\Users\Manas\OneDrive\Documents\Dissertation\data\Shenzhen\images\CHNCXR_0290_0.png,0,Shenzhen,CHNCXR_0290_0
C:\Users\Manas\OneDrive\Documents\Dissertation\data\Shenzhen\images\CHNCXR_0026_0.png,0,Shenzhen,CHNCXR_0026_0
C:\Users\Manas\OneDrive\Documents\Dissertation\data\Shenzhen\images\CHNCXR_0075_0.png,0,Shenzhen,CHNCXR_0075_0
C:\Users\Manas\OneDrive\Documents\Dissertation\data\Shenzhen\images\CHNCXR_0077_0.png,0,Shenzhen,CHNCXR_0077_0
C:\Users\Manas\OneDrive\Documents\Dissertation\data\Shenzhen\images\CHNCXR_0091_0.png,0,Shenzhen,CHNCXR_0091_0
C:\Users\Manas\OneDrive\Documents\Dissertation\data\Shenzhen\images\CHNCXR_0559_1.png,1,Shenzhen,CHNCXR_0559_1
C:\Users\Manas\OneDrive\Documents\Dissertation\data\Shenzhen\images\CHNCXR_0311_0.png,0,Shenzhen,CHNCXR_0311_0
C:\Users\Manas\OneDrive\Documents\Dissertation\data\Shenzhen\images\CHNCXR_0638_1.png,1,Shenzhen,CHNCXR_0638_1
C:\Users\Manas\OneDrive\Documents\Dissertation\data\Shenzhen\images\CHNCXR_0368_1.png,1,Shenzhen,CHNCXR_0368_1
C:\Users\Manas\OneDrive\Documents\Dissertation\data\Shenzhen\images\CHNCXR_0003_0.png,0,Shenzhen,CHNCXR_0003_0
C:\Users\Manas\OneDrive\Documents\Dissertation\data\Shenzhen\images\CHNCXR_0472_1.png,1,Shenzhen,CHNCXR_0472_1
C:\Users\Manas\OneDrive\Documents\Dissertation\data\Shenzhen\images\CHNCXR_0612_1.png,1,Shenzhen,CHNCXR_0612_1
C:\Users\Manas\OneDrive\Documents\Dissertation\data\Shenzhen\images\CHNCXR_0449_1.png,1,Shenzhen,CHNCXR_0449_1
C:\Users\Manas\OneDrive\Documents\Dissertation\data\Shenzhen\images\CHNCXR_0387_1.png,1,Shenzhen,CHNCXR_0387_1
C:\Users\Manas\OneDrive\Documents\Dissertation\data\Shenzhen\images\CHNCXR_0043_0.png,0,Shenzhen,CHNCXR_0043_0
C:\Users\Manas\OneDrive\Documents\Dissertation\data\Shenzhen\images\CHNCXR_0639_1.png,1,Shenzhen,CHNCXR_0639_1
C:\Users\Manas\OneDrive\Documents\Dissertation\data\Shenzhen\images\CHNCXR_0146_0.png,0,Shenzhen,CHNCXR_0146_0
C:\Users\Manas\OneDrive\Documents\Dissertation\data\Shenzhen\images\CHNCXR_0058_0.png,0,Shenzhen,CHNCXR_0058_0
C:\Users\Manas\OneDrive\Documents\Dissertation\data\Shenzhen\images\CHNCXR_0094_0.png,0,Shenzhen,CHNCXR_0094_0
